model,aggregate_model,cell,n,conditions,avg_response_chars,mapping_method,source_models,freeflow_dir
deepseek-chat,deepseek-chat,deepseek-chat-direct,125,LONG:25;MID:25;OPEN:25;SHORT:25;VARY:25,5705.1,cell_prefix,deepseek-chat,/Users/danieltenner/dev/research/model-personality-corpus-v2/data/traces_freeflow/freeflow_deepseek-chat-direct
deepseek-chat,deepseek-chat,deepseek-chat-or-pin-deepinfra,125,LONG:25;MID:25;OPEN:25;SHORT:25;VARY:25,5717.6,cell_prefix,deepseek/deepseek-chat,/Users/danieltenner/dev/research/model-personality-corpus-v2/data/traces_freeflow/freeflow_deepseek-chat-or-pin-deepinfra
deepseek-v3-2,deepseek-v3-2,deepseek-v3-2-or-16k,25,LONG:5;MID:5;OPEN:5;SHORT:5;VARY:5,5141.2,cell_prefix,deepseek/deepseek-v3.2,/Users/danieltenner/dev/research/model-personality-corpus-v2/data/traces_freeflow/freeflow_deepseek-v3-2-or-16k
deepseek-v3-2,deepseek-v3-2,deepseek-v3-2-or-pin-alibaba,125,LONG:25;MID:25;OPEN:25;SHORT:25;VARY:25,5884.7,cell_prefix,deepseek/deepseek-v3.2,/Users/danieltenner/dev/research/model-personality-corpus-v2/data/traces_freeflow/freeflow_deepseek-v3-2-or-pin-alibaba
deepseek-v3-2,deepseek-v3-2,deepseek-v3-2-or-pin-atlascloud,125,LONG:25;MID:25;OPEN:25;SHORT:25;VARY:25,5246.3,cell_prefix,deepseek/deepseek-v3.2,/Users/danieltenner/dev/research/model-personality-corpus-v2/data/traces_freeflow/freeflow_deepseek-v3-2-or-pin-atlascloud
deepseek-v3-2,deepseek-v3-2,deepseek-v3-2-or-pin-baidu,125,LONG:25;MID:25;OPEN:25;SHORT:25;VARY:25,5165.7,cell_prefix,deepseek/deepseek-v3.2,/Users/danieltenner/dev/research/model-personality-corpus-v2/data/traces_freeflow/freeflow_deepseek-v3-2-or-pin-baidu
deepseek-v3-2,deepseek-v3-2,deepseek-v3-2-or-pin-chutes,125,LONG:25;MID:25;OPEN:25;SHORT:25;VARY:25,5219.6,cell_prefix,deepseek/deepseek-v3.2,/Users/danieltenner/dev/research/model-personality-corpus-v2/data/traces_freeflow/freeflow_deepseek-v3-2-or-pin-chutes
deepseek-v3-2,deepseek-v3-2,deepseek-v3-2-or-pin-deepinfra,125,LONG:25;MID:25;OPEN:25;SHORT:25;VARY:25,8114.3,cell_prefix,deepseek/deepseek-v3.2,/Users/danieltenner/dev/research/model-personality-corpus-v2/data/traces_freeflow/freeflow_deepseek-v3-2-or-pin-deepinfra
deepseek-v3-2,deepseek-v3-2,deepseek-v3-2-or-pin-friendli,125,LONG:25;MID:25;OPEN:25;SHORT:25;VARY:25,6289.6,cell_prefix,deepseek/deepseek-v3.2,/Users/danieltenner/dev/research/model-personality-corpus-v2/data/traces_freeflow/freeflow_deepseek-v3-2-or-pin-friendli
deepseek-v3-2,deepseek-v3-2,deepseek-v3-2-or-pin-google,125,LONG:25;MID:25;OPEN:25;SHORT:25;VARY:25,5400.7,cell_prefix,deepseek/deepseek-v3.2,/Users/danieltenner/dev/research/model-personality-corpus-v2/data/traces_freeflow/freeflow_deepseek-v3-2-or-pin-google
deepseek-v3-2,deepseek-v3-2,deepseek-v3-2-or-pin-novita,125,LONG:25;MID:25;OPEN:25;SHORT:25;VARY:25,5342.9,cell_prefix,deepseek/deepseek-v3.2,/Users/danieltenner/dev/research/model-personality-corpus-v2/data/traces_freeflow/freeflow_deepseek-v3-2-or-pin-novita
deepseek-v3-2,deepseek-v3-2,deepseek-v3-2-or-pin-parasail,125,LONG:25;MID:25;OPEN:25;SHORT:25;VARY:25,5248.8,cell_prefix,deepseek/deepseek-v3.2,/Users/danieltenner/dev/research/model-personality-corpus-v2/data/traces_freeflow/freeflow_deepseek-v3-2-or-pin-parasail
deepseek-v3-2,deepseek-v3-2,deepseek-v3-2-or-pin-siliconflow,125,LONG:25;MID:25;OPEN:25;SHORT:25;VARY:25,5296.2,cell_prefix,deepseek/deepseek-v3.2,/Users/danieltenner/dev/research/model-personality-corpus-v2/data/traces_freeflow/freeflow_deepseek-v3-2-or-pin-siliconflow
deepseek-v3-2,deepseek-v3-2,deepseek-v3-2-or-r2,25,LONG:5;MID:5;OPEN:5;SHORT:5;VARY:5,5549.3,cell_prefix,deepseek/deepseek-v3.2,/Users/danieltenner/dev/research/model-personality-corpus-v2/data/traces_freeflow/freeflow_deepseek-v3-2-or-r2
deepseek-v3-2,deepseek-v3-2,deepseek-v3-2-or-r3,25,LONG:5;MID:5;OPEN:5;SHORT:5;VARY:5,5731.1,cell_prefix,deepseek/deepseek-v3.2,/Users/danieltenner/dev/research/model-personality-corpus-v2/data/traces_freeflow/freeflow_deepseek-v3-2-or-r3
deepseek-v4-pro,deepseek-v4-pro,deepseek-v4-pro-direct,25,LONG:5;MID:5;OPEN:5;SHORT:5;VARY:5,9800.4,cell_prefix,deepseek-v4-pro,/Users/danieltenner/dev/research/model-personality-corpus-v2/data/traces_freeflow/freeflow_deepseek-v4-pro-direct
deepseek-v4-pro,deepseek-v4-pro,deepseek-v4-pro-or-pin-atlascloud,125,LONG:25;MID:25;OPEN:25;SHORT:25;VARY:25,7667.1,cell_prefix,deepseek/deepseek-v4-pro,/Users/danieltenner/dev/research/model-personality-corpus-v2/data/traces_freeflow/freeflow_deepseek-v4-pro-or-pin-atlascloud
deepseek-v4-pro,deepseek-v4-pro,deepseek-v4-pro-or-pin-gmicloud,125,LONG:25;MID:25;OPEN:25;SHORT:25;VARY:25,7762.9,cell_prefix,deepseek/deepseek-v4-pro,/Users/danieltenner/dev/research/model-personality-corpus-v2/data/traces_freeflow/freeflow_deepseek-v4-pro-or-pin-gmicloud
deepseek-v4-pro,deepseek-v4-pro,deepseek-v4-pro-or-pin-novita,125,LONG:25;MID:25;OPEN:25;SHORT:25;VARY:25,7707.8,cell_prefix,deepseek/deepseek-v4-pro,/Users/danieltenner/dev/research/model-personality-corpus-v2/data/traces_freeflow/freeflow_deepseek-v4-pro-or-pin-novita
deepseek-v4-pro,deepseek-v4-pro,deepseek-v4-pro-or-pin-parasail,125,LONG:25;MID:25;OPEN:25;SHORT:25;VARY:25,7561.0,cell_prefix,deepseek/deepseek-v4-pro,/Users/danieltenner/dev/research/model-personality-corpus-v2/data/traces_freeflow/freeflow_deepseek-v4-pro-or-pin-parasail
deepseek-v4-pro,deepseek-v4-pro,deepseek-v4-pro-or-pin-siliconflow,125,LONG:25;MID:25;OPEN:25;SHORT:25;VARY:25,7859.6,cell_prefix,deepseek/deepseek-v4-pro,/Users/danieltenner/dev/research/model-personality-corpus-v2/data/traces_freeflow/freeflow_deepseek-v4-pro-or-pin-siliconflow
deepseek-v4-pro,deepseek-v4-pro,deepseek-v4-pro-or-pin-together,125,LONG:25;MID:25;OPEN:25;SHORT:25;VARY:25,7868.6,cell_prefix,deepseek/deepseek-v4-pro,/Users/danieltenner/dev/research/model-personality-corpus-v2/data/traces_freeflow/freeflow_deepseek-v4-pro-or-pin-together
gemini-2-0-flash-lite,gemini-2-0-flash-lite,gemini-2-0-flash-lite-or-pin-google,125,LONG:25;MID:25;OPEN:25;SHORT:25;VARY:25,5264.6,cell_prefix,google/gemini-2.0-flash-lite-001,/Users/danieltenner/dev/research/model-personality-corpus-v2/data/traces_freeflow/freeflow_gemini-2-0-flash-lite-or-pin-google
gemini-2-0-flash,gemini-2-0-flash,gemini-2-0-flash-or-pin-google,125,LONG:25;MID:25;OPEN:25;SHORT:25;VARY:25,5170.4,cell_prefix,google/gemini-2.0-flash-001,/Users/danieltenner/dev/research/model-personality-corpus-v2/data/traces_freeflow/freeflow_gemini-2-0-flash-or-pin-google
gemini-2-5-flash,gemini-2-5-flash,gemini-2-5-flash-direct,125,LONG:25;MID:25;OPEN:25;SHORT:25;VARY:25,6230.4,cell_prefix,gemini-2.5-flash,/Users/danieltenner/dev/research/model-personality-corpus-v2/data/traces_freeflow/freeflow_gemini-2-5-flash-direct
gemini-2-5-flash-lite,gemini-2-5-flash-lite,gemini-2-5-flash-lite-direct,125,LONG:25;MID:25;OPEN:25;SHORT:25;VARY:25,6448.9,cell_prefix,gemini-2.5-flash-lite,/Users/danieltenner/dev/research/model-personality-corpus-v2/data/traces_freeflow/freeflow_gemini-2-5-flash-lite-direct
gemini-2-5-pro,gemini-2-5-pro,gemini-2-5-pro-16k,125,LONG:25;MID:25;OPEN:25;SHORT:25;VARY:25,5599.6,cell_prefix,gemini-2.5-pro,/Users/danieltenner/dev/research/model-personality-corpus-v2/data/traces_freeflow/freeflow_gemini-2-5-pro-16k
gemini-2-5-pro,gemini-2-5-pro,gemini-2-5-pro-or-pin-google,125,LONG:25;MID:25;OPEN:25;SHORT:25;VARY:25,5682.9,cell_prefix,google/gemini-2.5-pro,/Users/danieltenner/dev/research/model-personality-corpus-v2/data/traces_freeflow/freeflow_gemini-2-5-pro-or-pin-google
gemini-3-1-flash-lite,gemini-3-1-flash-lite,gemini-3-1-flash-lite-direct,125,LONG:25;MID:25;OPEN:25;SHORT:25;VARY:25,6307.4,cell_prefix,gemini-3.1-flash-lite,/Users/danieltenner/dev/research/model-personality-corpus-v2/data/traces_freeflow/freeflow_gemini-3-1-flash-lite-direct
gemini-3-1-pro,gemini-3-1-pro,gemini-3-1-pro-16k,125,LONG:25;MID:25;OPEN:25;SHORT:25;VARY:25,6557.8,cell_prefix,gemini-3.1-pro-preview,/Users/danieltenner/dev/research/model-personality-corpus-v2/data/traces_freeflow/freeflow_gemini-3-1-pro-16k
gemini-3-1-pro,gemini-3-1-pro,gemini-3-1-pro-or-pin-google,125,LONG:25;MID:25;OPEN:25;SHORT:25;VARY:25,6732.0,cell_prefix,google/gemini-3.1-pro-preview,/Users/danieltenner/dev/research/model-personality-corpus-v2/data/traces_freeflow/freeflow_gemini-3-1-pro-or-pin-google
gemini-3-5-flash,gemini-3-5-flash,gemini-3-5-flash-or-pin-google,125,LONG:25;MID:25;OPEN:25;SHORT:25;VARY:25,9255.1,cell_prefix,google/gemini-3.5-flash,/Users/danieltenner/dev/research/model-personality-corpus-v2/data/traces_freeflow/freeflow_gemini-3-5-flash-or-pin-google
gemini-3-flash-preview,gemini-3-flash-preview,gemini-3-flash-preview-direct,125,LONG:25;MID:25;OPEN:25;SHORT:25;VARY:25,7534.7,cell_prefix,gemini-3-flash-preview,/Users/danieltenner/dev/research/model-personality-corpus-v2/data/traces_freeflow/freeflow_gemini-3-flash-preview-direct
gemma-4-26b-a4b,gemma-4-26b-a4b,gemma-4-26b-a4b-direct,125,LONG:25;MID:25;OPEN:25;SHORT:25;VARY:25,9923.3,cell_prefix,gemma-4-26b-a4b-it,/Users/danieltenner/dev/research/model-personality-corpus-v2/data/traces_freeflow/freeflow_gemma-4-26b-a4b-direct
gemma-4-31b,gemma-4-31b,gemma-4-31b-direct,125,LONG:25;MID:25;OPEN:25;SHORT:25;VARY:25,8573.2,cell_prefix,gemma-4-31b-it,/Users/danieltenner/dev/research/model-personality-corpus-v2/data/traces_freeflow/freeflow_gemma-4-31b-direct
glm-4-5,glm-4-5,glm-4-5-or,25,LONG:5;MID:5;OPEN:5;SHORT:5;VARY:5,5398.7,cell_prefix,z-ai/glm-4.5,/Users/danieltenner/dev/research/model-personality-corpus-v2/data/traces_freeflow/freeflow_glm-4-5-or
glm-4-5,glm-4-5,glm-4-5-or-pin-novita,125,LONG:25;MID:25;OPEN:25;SHORT:25;VARY:25,5405.0,cell_prefix,z-ai/glm-4.5,/Users/danieltenner/dev/research/model-personality-corpus-v2/data/traces_freeflow/freeflow_glm-4-5-or-pin-novita
glm-4-5,glm-4-5,glm-4-5-or-pin-zai,125,LONG:25;MID:25;OPEN:25;SHORT:25;VARY:25,5388.0,cell_prefix,z-ai/glm-4.5,/Users/danieltenner/dev/research/model-personality-corpus-v2/data/traces_freeflow/freeflow_glm-4-5-or-pin-zai
glm-4-6-coding,glm-4-6-coding,glm-4-6-coding-direct,125,LONG:25;MID:25;OPEN:25;SHORT:25;VARY:25,7542.0,cell_prefix,glm-4.6,/Users/danieltenner/dev/research/model-personality-corpus-v2/data/traces_freeflow/freeflow_glm-4-6-coding-direct
glm-4-6,glm-4-6,glm-4-6-or,25,LONG:5;MID:5;OPEN:5;SHORT:5;VARY:5,6166.7,cell_prefix,z-ai/glm-4.6,/Users/danieltenner/dev/research/model-personality-corpus-v2/data/traces_freeflow/freeflow_glm-4-6-or
glm-4-6,glm-4-6,glm-4-6-or-pin-atlascloud,125,LONG:25;MID:25;OPEN:25;SHORT:25;VARY:25,4964.9,cell_prefix,z-ai/glm-4.6,/Users/danieltenner/dev/research/model-personality-corpus-v2/data/traces_freeflow/freeflow_glm-4-6-or-pin-atlascloud
glm-4-6,glm-4-6,glm-4-6-or-pin-deepinfra,125,LONG:25;MID:25;OPEN:25;SHORT:25;VARY:25,5248.5,cell_prefix,z-ai/glm-4.6,/Users/danieltenner/dev/research/model-personality-corpus-v2/data/traces_freeflow/freeflow_glm-4-6-or-pin-deepinfra
glm-4-6,glm-4-6,glm-4-6-or-pin-novita,125,LONG:25;MID:25;OPEN:25;SHORT:25;VARY:25,7620.8,cell_prefix,z-ai/glm-4.6,/Users/danieltenner/dev/research/model-personality-corpus-v2/data/traces_freeflow/freeflow_glm-4-6-or-pin-novita
glm-4-6,glm-4-6,glm-4-6-or-pin-siliconflow,125,LONG:25;MID:25;OPEN:25;SHORT:25;VARY:25,5121.4,cell_prefix,z-ai/glm-4.6,/Users/danieltenner/dev/research/model-personality-corpus-v2/data/traces_freeflow/freeflow_glm-4-6-or-pin-siliconflow
glm-4-6,glm-4-6,glm-4-6-or-pin-venice,125,LONG:25;MID:25;OPEN:25;SHORT:25;VARY:25,5198.5,cell_prefix,z-ai/glm-4.6,/Users/danieltenner/dev/research/model-personality-corpus-v2/data/traces_freeflow/freeflow_glm-4-6-or-pin-venice
glm-4-6,glm-4-6,glm-4-6-or-pin-zai,125,LONG:25;MID:25;OPEN:25;SHORT:25;VARY:25,7429.2,cell_prefix,z-ai/glm-4.6,/Users/danieltenner/dev/research/model-personality-corpus-v2/data/traces_freeflow/freeflow_glm-4-6-or-pin-zai
glm-4-7,glm-4-7,glm-4-7-or,25,LONG:5;MID:5;OPEN:5;SHORT:5;VARY:5,8293.8,cell_prefix,z-ai/glm-4.7,/Users/danieltenner/dev/research/model-personality-corpus-v2/data/traces_freeflow/freeflow_glm-4-7-or
glm-4-7,glm-4-7,glm-4-7-or-pin-atlascloud,125,LONG:25;MID:25;OPEN:25;SHORT:25;VARY:25,7629.3,cell_prefix,z-ai/glm-4.7,/Users/danieltenner/dev/research/model-personality-corpus-v2/data/traces_freeflow/freeflow_glm-4-7-or-pin-atlascloud
glm-4-7,glm-4-7,glm-4-7-or-pin-cerebras,125,LONG:25;MID:25;OPEN:25;SHORT:25;VARY:25,8063.7,cell_prefix,z-ai/glm-4.7,/Users/danieltenner/dev/research/model-personality-corpus-v2/data/traces_freeflow/freeflow_glm-4-7-or-pin-cerebras
glm-4-7,glm-4-7,glm-4-7-or-pin-deepinfra,125,LONG:25;MID:25;OPEN:25;SHORT:25;VARY:25,7450.5,cell_prefix,z-ai/glm-4.7,/Users/danieltenner/dev/research/model-personality-corpus-v2/data/traces_freeflow/freeflow_glm-4-7-or-pin-deepinfra
glm-4-7,glm-4-7,glm-4-7-or-pin-dekallm,125,LONG:25;MID:25;OPEN:25;SHORT:25;VARY:25,7084.5,cell_prefix,z-ai/glm-4.7,/Users/danieltenner/dev/research/model-personality-corpus-v2/data/traces_freeflow/freeflow_glm-4-7-or-pin-dekallm
glm-4-7,glm-4-7,glm-4-7-or-pin-google,125,LONG:25;MID:25;OPEN:25;SHORT:25;VARY:25,7682.1,cell_prefix,z-ai/glm-4.7,/Users/danieltenner/dev/research/model-personality-corpus-v2/data/traces_freeflow/freeflow_glm-4-7-or-pin-google
glm-4-7,glm-4-7,glm-4-7-or-pin-novita,125,LONG:25;MID:25;OPEN:25;SHORT:25;VARY:25,7892.0,cell_prefix,z-ai/glm-4.7,/Users/danieltenner/dev/research/model-personality-corpus-v2/data/traces_freeflow/freeflow_glm-4-7-or-pin-novita
glm-4-7,glm-4-7,glm-4-7-or-pin-parasail,125,LONG:25;MID:25;OPEN:25;SHORT:25;VARY:25,7963.6,cell_prefix,z-ai/glm-4.7,/Users/danieltenner/dev/research/model-personality-corpus-v2/data/traces_freeflow/freeflow_glm-4-7-or-pin-parasail
glm-4-7,glm-4-7,glm-4-7-or-pin-phala,125,LONG:25;MID:25;OPEN:25;SHORT:25;VARY:25,7889.8,cell_prefix,z-ai/glm-4.7,/Users/danieltenner/dev/research/model-personality-corpus-v2/data/traces_freeflow/freeflow_glm-4-7-or-pin-phala
glm-4-7,glm-4-7,glm-4-7-or-pin-siliconflow,125,LONG:25;MID:25;OPEN:25;SHORT:25;VARY:25,8039.0,cell_prefix,z-ai/glm-4.7,/Users/danieltenner/dev/research/model-personality-corpus-v2/data/traces_freeflow/freeflow_glm-4-7-or-pin-siliconflow
glm-4-7,glm-4-7,glm-4-7-or-pin-venice,125,LONG:25;MID:25;OPEN:25;SHORT:25;VARY:25,7683.2,cell_prefix,z-ai/glm-4.7,/Users/danieltenner/dev/research/model-personality-corpus-v2/data/traces_freeflow/freeflow_glm-4-7-or-pin-venice
glm-4-7,glm-4-7,glm-4-7-or-pin-zai,125,LONG:25;MID:25;OPEN:25;SHORT:25;VARY:25,7607.0,cell_prefix,z-ai/glm-4.7,/Users/danieltenner/dev/research/model-personality-corpus-v2/data/traces_freeflow/freeflow_glm-4-7-or-pin-zai
glm-5-1-coding,glm-5-1-coding,glm-5-1-coding-direct,125,LONG:25;MID:25;OPEN:25;SHORT:25;VARY:25,9611.6,cell_prefix,glm-5.1,/Users/danieltenner/dev/research/model-personality-corpus-v2/data/traces_freeflow/freeflow_glm-5-1-coding-direct
glm-5-1,glm-5-1,glm-5-1-or,25,LONG:5;MID:5;OPEN:5;SHORT:5;VARY:5,7359.6,cell_prefix,z-ai/glm-5.1,/Users/danieltenner/dev/research/model-personality-corpus-v2/data/traces_freeflow/freeflow_glm-5-1-or
glm-5-1,glm-5-1,glm-5-1-or-pin-ambient,125,LONG:25;MID:25;OPEN:25;SHORT:25;VARY:25,6375.8,cell_prefix,z-ai/glm-5.1,/Users/danieltenner/dev/research/model-personality-corpus-v2/data/traces_freeflow/freeflow_glm-5-1-or-pin-ambient
glm-5-1,glm-5-1,glm-5-1-or-pin-atlascloud,125,LONG:25;MID:25;OPEN:25;SHORT:25;VARY:25,7426.6,cell_prefix,z-ai/glm-5.1,/Users/danieltenner/dev/research/model-personality-corpus-v2/data/traces_freeflow/freeflow_glm-5-1-or-pin-atlascloud
glm-5-1,glm-5-1,glm-5-1-or-pin-chutes,125,LONG:25;MID:25;OPEN:25;SHORT:25;VARY:25,6412.9,cell_prefix,z-ai/glm-5.1,/Users/danieltenner/dev/research/model-personality-corpus-v2/data/traces_freeflow/freeflow_glm-5-1-or-pin-chutes
glm-5-1,glm-5-1,glm-5-1-or-pin-deepinfra,125,LONG:25;MID:25;OPEN:25;SHORT:25;VARY:25,6188.3,cell_prefix,z-ai/glm-5.1,/Users/danieltenner/dev/research/model-personality-corpus-v2/data/traces_freeflow/freeflow_glm-5-1-or-pin-deepinfra
glm-5-1,glm-5-1,glm-5-1-or-pin-friendli,125,LONG:25;MID:25;OPEN:25;SHORT:25;VARY:25,6016.0,cell_prefix,z-ai/glm-5.1,/Users/danieltenner/dev/research/model-personality-corpus-v2/data/traces_freeflow/freeflow_glm-5-1-or-pin-friendli
glm-5-1,glm-5-1,glm-5-1-or-pin-gmicloud,125,LONG:25;MID:25;OPEN:25;SHORT:25;VARY:25,7852.0,cell_prefix,z-ai/glm-5.1,/Users/danieltenner/dev/research/model-personality-corpus-v2/data/traces_freeflow/freeflow_glm-5-1-or-pin-gmicloud
glm-5-1,glm-5-1,glm-5-1-or-pin-inceptron,125,LONG:25;MID:25;OPEN:25;SHORT:25;VARY:25,5875.4,cell_prefix,z-ai/glm-5.1,/Users/danieltenner/dev/research/model-personality-corpus-v2/data/traces_freeflow/freeflow_glm-5-1-or-pin-inceptron
glm-5-1,glm-5-1,glm-5-1-or-pin-novita,125,LONG:25;MID:25;OPEN:25;SHORT:25;VARY:25,6519.4,cell_prefix,z-ai/glm-5.1,/Users/danieltenner/dev/research/model-personality-corpus-v2/data/traces_freeflow/freeflow_glm-5-1-or-pin-novita
glm-5-1,glm-5-1,glm-5-1-or-pin-parasail,125,LONG:25;MID:25;OPEN:25;SHORT:25;VARY:25,6351.1,cell_prefix,z-ai/glm-5.1,/Users/danieltenner/dev/research/model-personality-corpus-v2/data/traces_freeflow/freeflow_glm-5-1-or-pin-parasail
glm-5-1,glm-5-1,glm-5-1-or-pin-phala,125,LONG:25;MID:25;OPEN:25;SHORT:25;VARY:25,6514.8,cell_prefix,z-ai/glm-5.1,/Users/danieltenner/dev/research/model-personality-corpus-v2/data/traces_freeflow/freeflow_glm-5-1-or-pin-phala
glm-5-1,glm-5-1,glm-5-1-or-pin-siliconflow,125,LONG:25;MID:25;OPEN:25;SHORT:25;VARY:25,6463.1,cell_prefix,z-ai/glm-5.1,/Users/danieltenner/dev/research/model-personality-corpus-v2/data/traces_freeflow/freeflow_glm-5-1-or-pin-siliconflow
glm-5-1,glm-5-1,glm-5-1-or-pin-together,125,LONG:25;MID:25;OPEN:25;SHORT:25;VARY:25,6666.3,cell_prefix,z-ai/glm-5.1,/Users/danieltenner/dev/research/model-personality-corpus-v2/data/traces_freeflow/freeflow_glm-5-1-or-pin-together
glm-5-1,glm-5-1,glm-5-1-or-pin-venice,125,LONG:25;MID:25;OPEN:25;SHORT:25;VARY:25,6266.3,cell_prefix,z-ai/glm-5.1,/Users/danieltenner/dev/research/model-personality-corpus-v2/data/traces_freeflow/freeflow_glm-5-1-or-pin-venice
glm-5-1,glm-5-1,glm-5-1-or-pin-zai,125,LONG:25;MID:25;OPEN:25;SHORT:25;VARY:25,6190.7,cell_prefix,z-ai/glm-5.1,/Users/danieltenner/dev/research/model-personality-corpus-v2/data/traces_freeflow/freeflow_glm-5-1-or-pin-zai
gpt-4-1,gpt-4-1,gpt-4-1-16k,125,LONG:25;MID:25;OPEN:25;SHORT:25;VARY:25,5929.8,cell_prefix,gpt-4.1,/Users/danieltenner/dev/research/model-personality-corpus-v2/data/traces_freeflow/freeflow_gpt-4-1-16k
gpt-4-1,gpt-4-1,gpt-4-1-or-pin-openai,125,LONG:25;MID:25;OPEN:25;SHORT:25;VARY:25,5774.6,cell_prefix,openai/gpt-4.1,/Users/danieltenner/dev/research/model-personality-corpus-v2/data/traces_freeflow/freeflow_gpt-4-1-or-pin-openai
gpt-4o,gpt-4o,gpt-4o-direct-16k,125,LONG:25;MID:25;OPEN:25;SHORT:25;VARY:25,4617.6,cell_prefix,gpt-4o,/Users/danieltenner/dev/research/model-personality-corpus-v2/data/traces_freeflow/freeflow_gpt-4o-direct-16k
gpt-4o,gpt-4o,gpt-4o-or,25,LONG:5;MID:5;OPEN:5;SHORT:5;VARY:5,4608.0,cell_prefix,openai/gpt-4o-2024-08-06,/Users/danieltenner/dev/research/model-personality-corpus-v2/data/traces_freeflow/freeflow_gpt-4o-or
gpt-4o,gpt-4o,gpt-4o-or-pin-openai,125,LONG:25;MID:25;OPEN:25;SHORT:25;VARY:25,4532.2,cell_prefix,openai/gpt-4o,/Users/danieltenner/dev/research/model-personality-corpus-v2/data/traces_freeflow/freeflow_gpt-4o-or-pin-openai
gpt-5-1-codex,gpt-5-1-codex,gpt-5-1-codex-direct,125,LONG:25;MID:25;OPEN:25;SHORT:25;VARY:25,7800.6,cell_prefix,gpt-5.1-codex,/Users/danieltenner/dev/research/model-personality-corpus-v2/data/traces_freeflow/freeflow_gpt-5-1-codex-direct
gpt-5-1-codex,gpt-5-1-codex,gpt-5-1-codex-direct-r2,25,LONG:5;MID:5;OPEN:5;SHORT:5;VARY:5,8107.1,cell_prefix,gpt-5.1-codex,/Users/danieltenner/dev/research/model-personality-corpus-v2/data/traces_freeflow/freeflow_gpt-5-1-codex-direct-r2
gpt-5-1-codex,gpt-5-1-codex,gpt-5-1-codex-direct-r3,25,LONG:5;MID:5;OPEN:5;SHORT:5;VARY:5,10000.1,cell_prefix,gpt-5.1-codex,/Users/danieltenner/dev/research/model-personality-corpus-v2/data/traces_freeflow/freeflow_gpt-5-1-codex-direct-r3
gpt-5-1-codex,gpt-5-1-codex,gpt-5-1-codex-or-pin-openai,125,LONG:25;MID:25;OPEN:25;SHORT:25;VARY:25,8080.2,cell_prefix,openai/gpt-5.1-codex,/Users/danieltenner/dev/research/model-personality-corpus-v2/data/traces_freeflow/freeflow_gpt-5-1-codex-or-pin-openai
gpt-5-1,gpt-5-1,gpt-5-1-direct,125,LONG:25;MID:25;OPEN:25;SHORT:25;VARY:25,9239.0,cell_prefix,gpt-5.1,/Users/danieltenner/dev/research/model-personality-corpus-v2/data/traces_freeflow/freeflow_gpt-5-1-direct
gpt-5-1,gpt-5-1,gpt-5-1-direct-r2,25,LONG:5;MID:5;OPEN:5;SHORT:5;VARY:5,9409.6,cell_prefix,gpt-5.1,/Users/danieltenner/dev/research/model-personality-corpus-v2/data/traces_freeflow/freeflow_gpt-5-1-direct-r2
gpt-5-1,gpt-5-1,gpt-5-1-direct-r3,25,LONG:5;MID:5;OPEN:5;SHORT:5;VARY:5,9581.2,cell_prefix,gpt-5.1,/Users/danieltenner/dev/research/model-personality-corpus-v2/data/traces_freeflow/freeflow_gpt-5-1-direct-r3
gpt-5-1,gpt-5-1,gpt-5-1-or-pin-openai,125,LONG:25;MID:25;OPEN:25;SHORT:25;VARY:25,9341.7,cell_prefix,openai/gpt-5.1,/Users/danieltenner/dev/research/model-personality-corpus-v2/data/traces_freeflow/freeflow_gpt-5-1-or-pin-openai
gpt-5-2-codex,gpt-5-2-codex,gpt-5-2-codex-direct,125,LONG:25;MID:25;OPEN:25;SHORT:25;VARY:25,6544.9,cell_prefix,gpt-5.2-codex,/Users/danieltenner/dev/research/model-personality-corpus-v2/data/traces_freeflow/freeflow_gpt-5-2-codex-direct
gpt-5-2-codex,gpt-5-2-codex,gpt-5-2-codex-direct-r2,25,LONG:5;MID:5;OPEN:5;SHORT:5;VARY:5,6542.0,cell_prefix,gpt-5.2-codex,/Users/danieltenner/dev/research/model-personality-corpus-v2/data/traces_freeflow/freeflow_gpt-5-2-codex-direct-r2
gpt-5-2-codex,gpt-5-2-codex,gpt-5-2-codex-direct-r3,25,LONG:5;MID:5;OPEN:5;SHORT:5;VARY:5,6051.6,cell_prefix,gpt-5.2-codex,/Users/danieltenner/dev/research/model-personality-corpus-v2/data/traces_freeflow/freeflow_gpt-5-2-codex-direct-r3
gpt-5-2-codex,gpt-5-2-codex,gpt-5-2-codex-or-pin-openai,125,LONG:25;MID:25;OPEN:25;SHORT:25;VARY:25,6517.0,cell_prefix,openai/gpt-5.2-codex,/Users/danieltenner/dev/research/model-personality-corpus-v2/data/traces_freeflow/freeflow_gpt-5-2-codex-or-pin-openai
gpt-5-2,gpt-5-2,gpt-5-2-direct,125,LONG:25;MID:25;OPEN:25;SHORT:25;VARY:25,8075.4,cell_prefix,gpt-5.2,/Users/danieltenner/dev/research/model-personality-corpus-v2/data/traces_freeflow/freeflow_gpt-5-2-direct
gpt-5-2,gpt-5-2,gpt-5-2-direct-r2,25,LONG:5;MID:5;OPEN:5;SHORT:5;VARY:5,8388.5,cell_prefix,gpt-5.2,/Users/danieltenner/dev/research/model-personality-corpus-v2/data/traces_freeflow/freeflow_gpt-5-2-direct-r2
gpt-5-2,gpt-5-2,gpt-5-2-direct-r3,25,LONG:5;MID:5;OPEN:5;SHORT:5;VARY:5,8019.0,cell_prefix,gpt-5.2,/Users/danieltenner/dev/research/model-personality-corpus-v2/data/traces_freeflow/freeflow_gpt-5-2-direct-r3
gpt-5-2,gpt-5-2,gpt-5-2-or-pin-openai,125,LONG:25;MID:25;OPEN:25;SHORT:25;VARY:25,8684.3,cell_prefix,openai/gpt-5.2,/Users/danieltenner/dev/research/model-personality-corpus-v2/data/traces_freeflow/freeflow_gpt-5-2-or-pin-openai
gpt-5-3-codex,gpt-5-3-codex,gpt-5-3-codex-direct,125,LONG:25;MID:25;OPEN:25;SHORT:25;VARY:25,7774.2,cell_prefix,gpt-5.3-codex,/Users/danieltenner/dev/research/model-personality-corpus-v2/data/traces_freeflow/freeflow_gpt-5-3-codex-direct
gpt-5-3-codex,gpt-5-3-codex,gpt-5-3-codex-direct-r2,25,LONG:5;MID:5;OPEN:5;SHORT:5;VARY:5,7592.6,cell_prefix,gpt-5.3-codex,/Users/danieltenner/dev/research/model-personality-corpus-v2/data/traces_freeflow/freeflow_gpt-5-3-codex-direct-r2
gpt-5-3-codex,gpt-5-3-codex,gpt-5-3-codex-direct-r3,25,LONG:5;MID:5;OPEN:5;SHORT:5;VARY:5,7149.8,cell_prefix,gpt-5.3-codex,/Users/danieltenner/dev/research/model-personality-corpus-v2/data/traces_freeflow/freeflow_gpt-5-3-codex-direct-r3
gpt-5-3-codex,gpt-5-3-codex,gpt-5-3-codex-or-pin-openai,125,LONG:25;MID:25;OPEN:25;SHORT:25;VARY:25,7685.0,cell_prefix,openai/gpt-5.3-codex,/Users/danieltenner/dev/research/model-personality-corpus-v2/data/traces_freeflow/freeflow_gpt-5-3-codex-or-pin-openai
gpt-5-3,gpt-5-3,gpt-5-3-direct,125,LONG:25;MID:25;OPEN:25;SHORT:25;VARY:25,6165.9,cell_prefix,gpt-5.3-chat-latest,/Users/danieltenner/dev/research/model-personality-corpus-v2/data/traces_freeflow/freeflow_gpt-5-3-direct
gpt-5-3,gpt-5-3,gpt-5-3-direct-r2,25,LONG:5;MID:5;OPEN:5;SHORT:5;VARY:5,5824.4,cell_prefix,gpt-5.3-chat-latest,/Users/danieltenner/dev/research/model-personality-corpus-v2/data/traces_freeflow/freeflow_gpt-5-3-direct-r2
gpt-5-3,gpt-5-3,gpt-5-3-direct-r3,25,LONG:5;MID:5;OPEN:5;SHORT:5;VARY:5,5947.8,cell_prefix,gpt-5.3-chat-latest,/Users/danieltenner/dev/research/model-personality-corpus-v2/data/traces_freeflow/freeflow_gpt-5-3-direct-r3
gpt-5-3,gpt-5-3,gpt-5-3-or-pin-openai,125,LONG:25;MID:25;OPEN:25;SHORT:25;VARY:25,6342.6,cell_prefix,openai/gpt-5.3-chat,/Users/danieltenner/dev/research/model-personality-corpus-v2/data/traces_freeflow/freeflow_gpt-5-3-or-pin-openai
gpt-5-4,gpt-5-4,gpt-5-4-direct-16k,125,LONG:25;MID:25;OPEN:25;SHORT:25;VARY:25,8252.3,cell_prefix,gpt-5.4,/Users/danieltenner/dev/research/model-personality-corpus-v2/data/traces_freeflow/freeflow_gpt-5-4-direct-16k
gpt-5-4,gpt-5-4,gpt-5-4-or,25,LONG:5;MID:5;OPEN:5;SHORT:5;VARY:5,8169.2,cell_prefix,openai/gpt-5.4,/Users/danieltenner/dev/research/model-personality-corpus-v2/data/traces_freeflow/freeflow_gpt-5-4-or
gpt-5-4,gpt-5-4,gpt-5-4-or-pin-openai,125,LONG:25;MID:25;OPEN:25;SHORT:25;VARY:25,7846.1,cell_prefix,openai/gpt-5.4,/Users/danieltenner/dev/research/model-personality-corpus-v2/data/traces_freeflow/freeflow_gpt-5-4-or-pin-openai
gpt-5-5,gpt-5-5,gpt-5-5-direct,125,LONG:25;MID:25;OPEN:25;SHORT:25;VARY:25,7687.4,cell_prefix,gpt-5.5,/Users/danieltenner/dev/research/model-personality-corpus-v2/data/traces_freeflow/freeflow_gpt-5-5-direct
gpt-5-5,gpt-5-5,gpt-5-5-direct-r2,25,LONG:5;MID:5;OPEN:5;SHORT:5;VARY:5,7339.9,cell_prefix,gpt-5.5,/Users/danieltenner/dev/research/model-personality-corpus-v2/data/traces_freeflow/freeflow_gpt-5-5-direct-r2
gpt-5-5,gpt-5-5,gpt-5-5-direct-r3,25,LONG:5;MID:5;OPEN:5;SHORT:5;VARY:5,7388.9,cell_prefix,gpt-5.5,/Users/danieltenner/dev/research/model-personality-corpus-v2/data/traces_freeflow/freeflow_gpt-5-5-direct-r3
gpt-5-5,gpt-5-5,gpt-5-5-or,25,LONG:5;MID:5;OPEN:5;SHORT:5;VARY:5,8130.8,cell_prefix,openai/gpt-5.5,/Users/danieltenner/dev/research/model-personality-corpus-v2/data/traces_freeflow/freeflow_gpt-5-5-or
gpt-5-5,gpt-5-5,gpt-5-5-or-pin-openai,125,LONG:25;MID:25;OPEN:25;SHORT:25;VARY:25,7562.3,cell_prefix,openai/gpt-5.5,/Users/danieltenner/dev/research/model-personality-corpus-v2/data/traces_freeflow/freeflow_gpt-5-5-or-pin-openai
gpt-5-5,gpt-5-5,gpt-5-5-or-r2,25,LONG:5;MID:5;OPEN:5;SHORT:5;VARY:5,7745.1,cell_prefix,openai/gpt-5.5,/Users/danieltenner/dev/research/model-personality-corpus-v2/data/traces_freeflow/freeflow_gpt-5-5-or-r2
gpt-5-5,gpt-5-5,gpt-5-5-or-r3,25,LONG:5;MID:5;OPEN:5;SHORT:5;VARY:5,7353.9,cell_prefix,openai/gpt-5.5,/Users/danieltenner/dev/research/model-personality-corpus-v2/data/traces_freeflow/freeflow_gpt-5-5-or-r3
gpt-5-5-pro,gpt-5-5-pro,gpt-5-5-pro-direct,125,LONG:25;MID:25;OPEN:25;SHORT:25;VARY:25,6797.8,cell_prefix,gpt-5.5-pro,/Users/danieltenner/dev/research/model-personality-corpus-v2/data/traces_freeflow/freeflow_gpt-5-5-pro-direct
gpt-5-5-pro,gpt-5-5-pro,gpt-5-5-pro-or-pin-openai,125,LONG:25;MID:25;OPEN:25;SHORT:25;VARY:25,6688.6,cell_prefix,openai/gpt-5.5-pro,/Users/danieltenner/dev/research/model-personality-corpus-v2/data/traces_freeflow/freeflow_gpt-5-5-pro-or-pin-openai
gpt-5-codex,gpt-5-codex,gpt-5-codex-direct,125,LONG:25;MID:25;OPEN:25;SHORT:25;VARY:25,6743.6,cell_prefix,gpt-5-codex,/Users/danieltenner/dev/research/model-personality-corpus-v2/data/traces_freeflow/freeflow_gpt-5-codex-direct
gpt-5-codex,gpt-5-codex,gpt-5-codex-direct-r2,25,LONG:5;MID:5;OPEN:5;SHORT:5;VARY:5,6605.2,cell_prefix,gpt-5-codex,/Users/danieltenner/dev/research/model-personality-corpus-v2/data/traces_freeflow/freeflow_gpt-5-codex-direct-r2
gpt-5-codex,gpt-5-codex,gpt-5-codex-direct-r3,25,LONG:5;MID:5;OPEN:5;SHORT:5;VARY:5,7653.8,cell_prefix,gpt-5-codex,/Users/danieltenner/dev/research/model-personality-corpus-v2/data/traces_freeflow/freeflow_gpt-5-codex-direct-r3
gpt-5-codex,gpt-5-codex,gpt-5-codex-or-pin-openai,125,LONG:25;MID:25;OPEN:25;SHORT:25;VARY:25,6963.5,cell_prefix,openai/gpt-5-codex,/Users/danieltenner/dev/research/model-personality-corpus-v2/data/traces_freeflow/freeflow_gpt-5-codex-or-pin-openai
gpt-5,gpt-5,gpt-5-direct,125,LONG:25;MID:25;OPEN:25;SHORT:25;VARY:25,9672.9,cell_prefix,gpt-5,/Users/danieltenner/dev/research/model-personality-corpus-v2/data/traces_freeflow/freeflow_gpt-5-direct
gpt-5,gpt-5,gpt-5-direct-r2,25,LONG:5;MID:5;OPEN:5;SHORT:5;VARY:5,10674.7,cell_prefix,gpt-5,/Users/danieltenner/dev/research/model-personality-corpus-v2/data/traces_freeflow/freeflow_gpt-5-direct-r2
gpt-5,gpt-5,gpt-5-direct-r3,25,LONG:5;MID:5;OPEN:5;SHORT:5;VARY:5,10147.9,cell_prefix,gpt-5,/Users/danieltenner/dev/research/model-personality-corpus-v2/data/traces_freeflow/freeflow_gpt-5-direct-r3
gpt-5,gpt-5,gpt-5-or-pin-openai,125,LONG:25;MID:25;OPEN:25;SHORT:25;VARY:25,9133.7,cell_prefix,openai/gpt-5,/Users/danieltenner/dev/research/model-personality-corpus-v2/data/traces_freeflow/freeflow_gpt-5-or-pin-openai
grok-3,grok-3,grok-3-16k,125,LONG:25;MID:25;OPEN:25;SHORT:25;VARY:25,4105.4,cell_prefix,grok-3,/Users/danieltenner/dev/research/model-personality-corpus-v2/data/traces_freeflow/freeflow_grok-3-16k
grok-4-1-fast-non-reasoning,grok-4-1-fast-non-reasoning,grok-4-1-fast-non-reasoning-direct,125,LONG:25;MID:25;OPEN:25;SHORT:25;VARY:25,4909.9,cell_prefix,grok-4-1-fast-non-reasoning,/Users/danieltenner/dev/research/model-personality-corpus-v2/data/traces_freeflow/freeflow_grok-4-1-fast-non-reasoning-direct
grok-4-1-fast-reasoning,grok-4-1-fast-reasoning,grok-4-1-fast-reasoning-direct,125,LONG:25;MID:25;OPEN:25;SHORT:25;VARY:25,4699.8,cell_prefix,grok-4-1-fast-reasoning,/Users/danieltenner/dev/research/model-personality-corpus-v2/data/traces_freeflow/freeflow_grok-4-1-fast-reasoning-direct
grok-4,grok-4,grok-4-16k,125,LONG:25;MID:25;OPEN:25;SHORT:25;VARY:25,4036.6,cell_prefix,grok-4-0709,/Users/danieltenner/dev/research/model-personality-corpus-v2/data/traces_freeflow/freeflow_grok-4-16k
grok-4-2,grok-4-20,grok-4-2-16k,125,LONG:25;MID:25;OPEN:25;SHORT:25;VARY:25,5332.2,cell_prefix,grok-4.20,/Users/danieltenner/dev/research/model-personality-corpus-v2/data/traces_freeflow/freeflow_grok-4-2-16k
grok-4-2,grok-4-20,grok-4-2-or-pin-xai,125,LONG:25;MID:25;OPEN:25;SHORT:25;VARY:25,6342.3,cell_prefix,x-ai/grok-4.20,/Users/danieltenner/dev/research/model-personality-corpus-v2/data/traces_freeflow/freeflow_grok-4-2-or-pin-xai
grok-4-20,grok-4-20,grok-4-20-or,125,LONG:25;MID:25;OPEN:25;SHORT:25;VARY:25,6010.4,cell_prefix,x-ai/grok-4.20,/Users/danieltenner/dev/research/model-personality-corpus-v2/data/traces_freeflow/freeflow_grok-4-20-or
grok-4-3,grok-4-3,grok-4-3-direct,125,LONG:25;MID:25;OPEN:25;SHORT:25;VARY:25,6458.4,cell_prefix,grok-4.3,/Users/danieltenner/dev/research/model-personality-corpus-v2/data/traces_freeflow/freeflow_grok-4-3-direct
grok-4-3,grok-4-3,grok-4-3-or,125,LONG:25;MID:25;OPEN:25;SHORT:25;VARY:25,6396.8,cell_prefix,x-ai/grok-4.3,/Users/danieltenner/dev/research/model-personality-corpus-v2/data/traces_freeflow/freeflow_grok-4-3-or
kimi-coding,kimi-coding,kimi-coding-direct,125,LONG:25;MID:25;OPEN:25;SHORT:25;VARY:25,6316.1,cell_prefix,kimi-for-coding,/Users/danieltenner/dev/research/model-personality-corpus-v2/data/traces_freeflow/freeflow_kimi-coding-direct
kimi-k2-0905,kimi-k2-0905,kimi-k2-0905-or-pin-atlascloud,125,LONG:25;MID:25;OPEN:25;SHORT:25;VARY:25,9070.6,cell_prefix,moonshotai/kimi-k2-0905,/Users/danieltenner/dev/research/model-personality-corpus-v2/data/traces_freeflow/freeflow_kimi-k2-0905-or-pin-atlascloud
kimi-k2-0905,kimi-k2-0905,kimi-k2-0905-or-pin-groq,125,LONG:25;MID:25;OPEN:25;SHORT:25;VARY:25,7676.0,cell_prefix,moonshotai/kimi-k2-0905,/Users/danieltenner/dev/research/model-personality-corpus-v2/data/traces_freeflow/freeflow_kimi-k2-0905-or-pin-groq
kimi-k2-0905,kimi-k2-0905,kimi-k2-0905-or-pin-novita,125,LONG:25;MID:25;OPEN:25;SHORT:25;VARY:25,7115.4,cell_prefix,moonshotai/kimi-k2-0905,/Users/danieltenner/dev/research/model-personality-corpus-v2/data/traces_freeflow/freeflow_kimi-k2-0905-or-pin-novita
kimi-k2-0905,kimi-k2-0905,kimi-k2-0905-or-pin-siliconflow,125,LONG:25;MID:25;OPEN:25;SHORT:25;VARY:25,7499.7,cell_prefix,moonshotai/kimi-k2-0905,/Users/danieltenner/dev/research/model-personality-corpus-v2/data/traces_freeflow/freeflow_kimi-k2-0905-or-pin-siliconflow
kimi-k2-5,kimi-k2-5,kimi-k2-5-or-16k,25,LONG:5;MID:5;OPEN:5;SHORT:5;VARY:5,5833.6,cell_prefix,moonshotai/kimi-k2.5,/Users/danieltenner/dev/research/model-personality-corpus-v2/data/traces_freeflow/freeflow_kimi-k2-5-or-16k
kimi-k2-5,kimi-k2-5,kimi-k2-5-or-pin-deepinfra,125,LONG:25;MID:25;OPEN:25;SHORT:25;VARY:25,5789.2,cell_prefix,moonshotai/kimi-k2.5,/Users/danieltenner/dev/research/model-personality-corpus-v2/data/traces_freeflow/freeflow_kimi-k2-5-or-pin-deepinfra
kimi-k2-5,kimi-k2-5,kimi-k2-5-or-pin-moonshot,125,LONG:25;MID:25;OPEN:25;SHORT:25;VARY:25,5776.3,cell_prefix,moonshotai/kimi-k2.5,/Users/danieltenner/dev/research/model-personality-corpus-v2/data/traces_freeflow/freeflow_kimi-k2-5-or-pin-moonshot
kimi-k2-6,kimi-k2-6,kimi-k2-6-or,25,LONG:5;MID:5;OPEN:5;SHORT:5;VARY:5,6172.1,cell_prefix,moonshotai/kimi-k2.6,/Users/danieltenner/dev/research/model-personality-corpus-v2/data/traces_freeflow/freeflow_kimi-k2-6-or
kimi-k2-6,kimi-k2-6,kimi-k2-6-or-pin-deepinfra,125,LONG:25;MID:25;OPEN:25;SHORT:25;VARY:25,6627.2,cell_prefix,moonshotai/kimi-k2.6,/Users/danieltenner/dev/research/model-personality-corpus-v2/data/traces_freeflow/freeflow_kimi-k2-6-or-pin-deepinfra
kimi-k2-6,kimi-k2-6,kimi-k2-6-or-pin-moonshot,125,LONG:25;MID:25;OPEN:25;SHORT:25;VARY:25,6500.9,cell_prefix,moonshotai/kimi-k2.6,/Users/danieltenner/dev/research/model-personality-corpus-v2/data/traces_freeflow/freeflow_kimi-k2-6-or-pin-moonshot
kimi-k2-thinking,kimi-k2-thinking,kimi-k2-thinking-or-pin-atlascloud,125,LONG:25;MID:25;OPEN:25;SHORT:25;VARY:25,8494.7,cell_prefix,moonshotai/kimi-k2-thinking,/Users/danieltenner/dev/research/model-personality-corpus-v2/data/traces_freeflow/freeflow_kimi-k2-thinking-or-pin-atlascloud
kimi-k2-thinking,kimi-k2-thinking,kimi-k2-thinking-or-pin-google,125,LONG:25;MID:25;OPEN:25;SHORT:25;VARY:25,8401.5,cell_prefix,moonshotai/kimi-k2-thinking,/Users/danieltenner/dev/research/model-personality-corpus-v2/data/traces_freeflow/freeflow_kimi-k2-thinking-or-pin-google
kimi-k2-thinking,kimi-k2-thinking,kimi-k2-thinking-or-pin-novita,125,LONG:25;MID:25;OPEN:25;SHORT:25;VARY:25,8149.6,cell_prefix,moonshotai/kimi-k2-thinking,/Users/danieltenner/dev/research/model-personality-corpus-v2/data/traces_freeflow/freeflow_kimi-k2-thinking-or-pin-novita
minimax-m2-7,minimax-m2-7,minimax-m2-7-or,25,LONG:5;MID:5;OPEN:5;SHORT:5;VARY:5,6098.0,cell_prefix,minimax/minimax-m2.7,/Users/danieltenner/dev/research/model-personality-corpus-v2/data/traces_freeflow/freeflow_minimax-m2-7-or
minimax-m2-7,minimax-m2-7,minimax-m2-7-or-pin-fireworks,125,LONG:25;MID:25;OPEN:25;SHORT:25;VARY:25,5621.4,cell_prefix,minimax/minimax-m2.7,/Users/danieltenner/dev/research/model-personality-corpus-v2/data/traces_freeflow/freeflow_minimax-m2-7-or-pin-fireworks
minimax-m2-7,minimax-m2-7,minimax-m2-7-or-pin-minimax,125,LONG:25;MID:25;OPEN:25;SHORT:25;VARY:25,6765.0,cell_prefix,minimax/minimax-m2.7,/Users/danieltenner/dev/research/model-personality-corpus-v2/data/traces_freeflow/freeflow_minimax-m2-7-or-pin-minimax
minimax-m2-7,minimax-m2-7,minimax-m2-7-or-pin-together,125,LONG:25;MID:25;OPEN:25;SHORT:25;VARY:25,6374.7,cell_prefix,minimax/minimax-m2.7,/Users/danieltenner/dev/research/model-personality-corpus-v2/data/traces_freeflow/freeflow_minimax-m2-7-or-pin-together
minimax-m2,minimax-m2,minimax-m2-direct,25,LONG:5;MID:5;OPEN:5;SHORT:5;VARY:5,10400.3,cell_prefix,MiniMax-M2,/Users/danieltenner/dev/research/model-personality-corpus-v2/data/traces_freeflow/freeflow_minimax-m2-direct
minimax-m2,minimax-m2,minimax-m2-direct-r2,25,LONG:5;MID:5;OPEN:5;SHORT:5;VARY:5,8380.6,cell_prefix,MiniMax-M2,/Users/danieltenner/dev/research/model-personality-corpus-v2/data/traces_freeflow/freeflow_minimax-m2-direct-r2
minimax-m2,minimax-m2,minimax-m2-direct-r3,25,LONG:5;MID:5;OPEN:5;SHORT:5;VARY:5,7389.9,cell_prefix,MiniMax-M2,/Users/danieltenner/dev/research/model-personality-corpus-v2/data/traces_freeflow/freeflow_minimax-m2-direct-r3
minimax-m2,minimax-m2,minimax-m2-direct-r4,25,LONG:5;MID:5;OPEN:5;SHORT:5;VARY:5,12399.7,cell_prefix,MiniMax-M2,/Users/danieltenner/dev/research/model-personality-corpus-v2/data/traces_freeflow/freeflow_minimax-m2-direct-r4
minimax-m2,minimax-m2,minimax-m2-direct-r5,25,LONG:5;MID:5;OPEN:5;SHORT:5;VARY:5,5816.8,cell_prefix,MiniMax-M2,/Users/danieltenner/dev/research/model-personality-corpus-v2/data/traces_freeflow/freeflow_minimax-m2-direct-r5
minimax-m2,minimax-m2,minimax-m2-or,25,LONG:5;MID:5;OPEN:5;SHORT:5;VARY:5,9075.5,cell_prefix,minimax/minimax-m2,/Users/danieltenner/dev/research/model-personality-corpus-v2/data/traces_freeflow/freeflow_minimax-m2-or
minimax-m2,minimax-m2,minimax-m2-or-pin-atlascloud,125,LONG:25;MID:25;OPEN:25;SHORT:25;VARY:25,6657.4,cell_prefix,minimax/minimax-m2,/Users/danieltenner/dev/research/model-personality-corpus-v2/data/traces_freeflow/freeflow_minimax-m2-or-pin-atlascloud
minimax-m2,minimax-m2,minimax-m2-or-pin-google,125,LONG:25;MID:25;OPEN:25;SHORT:25;VARY:25,9470.1,cell_prefix,minimax/minimax-m2,/Users/danieltenner/dev/research/model-personality-corpus-v2/data/traces_freeflow/freeflow_minimax-m2-or-pin-google
minimax-m2,minimax-m2,minimax-m2-or-pin-google-r2,125,LONG:25;MID:25;OPEN:25;SHORT:25;VARY:25,8980.7,cell_prefix,minimax/minimax-m2,/Users/danieltenner/dev/research/model-personality-corpus-v2/data/traces_freeflow/freeflow_minimax-m2-or-pin-google-r2
minimax-m2,minimax-m2,minimax-m2-or-pin-minimax,125,LONG:25;MID:25;OPEN:25;SHORT:25;VARY:25,6592.0,cell_prefix,minimax/minimax-m2,/Users/danieltenner/dev/research/model-personality-corpus-v2/data/traces_freeflow/freeflow_minimax-m2-or-pin-minimax
minimax-m2,minimax-m2,minimax-m2-or-pin-minimax-r2,125,LONG:25;MID:25;OPEN:25;SHORT:25;VARY:25,5508.5,cell_prefix,minimax/minimax-m2,/Users/danieltenner/dev/research/model-personality-corpus-v2/data/traces_freeflow/freeflow_minimax-m2-or-pin-minimax-r2
minimax-m2,minimax-m2,minimax-m2-or-pin-novita,125,LONG:25;MID:25;OPEN:25;SHORT:25;VARY:25,5689.5,cell_prefix,minimax/minimax-m2,/Users/danieltenner/dev/research/model-personality-corpus-v2/data/traces_freeflow/freeflow_minimax-m2-or-pin-novita
minimax-m2,minimax-m2,minimax-m2-or-r2,25,LONG:5;MID:5;OPEN:5;SHORT:5;VARY:5,7120.6,cell_prefix,minimax/minimax-m2,/Users/danieltenner/dev/research/model-personality-corpus-v2/data/traces_freeflow/freeflow_minimax-m2-or-r2
minimax-m2,minimax-m2,minimax-m2-or-r3,25,LONG:5;MID:5;OPEN:5;SHORT:5;VARY:5,5375.6,cell_prefix,minimax/minimax-m2,/Users/danieltenner/dev/research/model-personality-corpus-v2/data/traces_freeflow/freeflow_minimax-m2-or-r3
minimax-m2,minimax-m2,minimax-m2-or-r4,25,LONG:5;MID:5;OPEN:5;SHORT:5;VARY:5,7067.0,cell_prefix,minimax/minimax-m2,/Users/danieltenner/dev/research/model-personality-corpus-v2/data/traces_freeflow/freeflow_minimax-m2-or-r4
minimax-m2,minimax-m2,minimax-m2-or-r5,25,LONG:5;MID:5;OPEN:5;SHORT:5;VARY:5,6839.4,cell_prefix,minimax/minimax-m2,/Users/danieltenner/dev/research/model-personality-corpus-v2/data/traces_freeflow/freeflow_minimax-m2-or-r5
opus-3,opus-3,opus-3-4k,125,LONG:25;MID:25;OPEN:25;SHORT:25;VARY:25,4012.8,cell_prefix,claude-3-opus-20240229,/Users/danieltenner/dev/research/model-personality-corpus-v2/data/traces_freeflow/freeflow_opus-3-4k
opus-4-0,opus-4-0,opus-4-0-16k,125,LONG:25;MID:25;OPEN:25;SHORT:25;VARY:25,5557.3,cell_prefix,claude-opus-4-0,/Users/danieltenner/dev/research/model-personality-corpus-v2/data/traces_freeflow/freeflow_opus-4-0-16k
opus-4-1,opus-4-1,opus-4-1-16k,125,LONG:25;MID:25;OPEN:25;SHORT:25;VARY:25,5541.0,cell_prefix,claude-opus-4-1,/Users/danieltenner/dev/research/model-personality-corpus-v2/data/traces_freeflow/freeflow_opus-4-1-16k
opus-4-5,opus-4-5,opus-4-5-16k,125,LONG:25;MID:25;OPEN:25;SHORT:25;VARY:25,5483.1,cell_prefix,claude-opus-4-5,/Users/danieltenner/dev/research/model-personality-corpus-v2/data/traces_freeflow/freeflow_opus-4-5-16k
opus-4-6,opus-4-6,opus-4-6-direct-16k,125,LONG:25;MID:25;OPEN:25;SHORT:25;VARY:25,5590.8,cell_prefix,claude-opus-4-6,/Users/danieltenner/dev/research/model-personality-corpus-v2/data/traces_freeflow/freeflow_opus-4-6-direct-16k
opus-4-6,opus-4-6,opus-4-6-or,25,LONG:5;MID:5;OPEN:5;SHORT:5;VARY:5,5519.5,cell_prefix,anthropic/claude-opus-4.6,/Users/danieltenner/dev/research/model-personality-corpus-v2/data/traces_freeflow/freeflow_opus-4-6-or
opus-4-7,opus-4-7,opus-4-7-direct,125,LONG:25;MID:25;OPEN:25;SHORT:25;VARY:25,5776.9,cell_prefix,claude-opus-4-7,/Users/danieltenner/dev/research/model-personality-corpus-v2/data/traces_freeflow/freeflow_opus-4-7-direct
opus-4-7,opus-4-7,opus-4-7-or,25,LONG:5;MID:5;OPEN:5;SHORT:5;VARY:5,5749.3,cell_prefix,anthropic/claude-opus-4.7,/Users/danieltenner/dev/research/model-personality-corpus-v2/data/traces_freeflow/freeflow_opus-4-7-or
qwen3-6-plus,qwen3-6-plus,qwen3-6-plus-or,25,LONG:5;MID:5;OPEN:5;SHORT:5;VARY:5,5811.1,cell_prefix,qwen/qwen3.6-plus,/Users/danieltenner/dev/research/model-personality-corpus-v2/data/traces_freeflow/freeflow_qwen3-6-plus-or
qwen3-6-plus,qwen3-6-plus,qwen3-6-plus-or-pin-alibaba,125,LONG:25;MID:25;OPEN:25;SHORT:25;VARY:25,5834.0,cell_prefix,qwen/qwen3.6-plus,/Users/danieltenner/dev/research/model-personality-corpus-v2/data/traces_freeflow/freeflow_qwen3-6-plus-or-pin-alibaba
qwen3-coder-plus,qwen3-coder-plus,qwen3-coder-plus-or,25,LONG:5;MID:5;OPEN:5;SHORT:5;VARY:5,5506.6,cell_prefix,qwen/qwen3-coder-plus,/Users/danieltenner/dev/research/model-personality-corpus-v2/data/traces_freeflow/freeflow_qwen3-coder-plus-or
qwen3-coder-plus,qwen3-coder-plus,qwen3-coder-plus-or-pin-alibaba,125,LONG:25;MID:25;OPEN:25;SHORT:25;VARY:25,5501.0,cell_prefix,qwen/qwen3-coder-plus,/Users/danieltenner/dev/research/model-personality-corpus-v2/data/traces_freeflow/freeflow_qwen3-coder-plus-or-pin-alibaba
sonnet-4-0,sonnet-4-0,sonnet-4-0-16k,125,LONG:25;MID:25;OPEN:25;SHORT:25;VARY:25,4838.4,cell_prefix,claude-sonnet-4-0,/Users/danieltenner/dev/research/model-personality-corpus-v2/data/traces_freeflow/freeflow_sonnet-4-0-16k
sonnet-4-5,sonnet-4-5,sonnet-4-5-16k,125,LONG:25;MID:25;OPEN:25;SHORT:25;VARY:25,5268.2,cell_prefix,claude-sonnet-4-5,/Users/danieltenner/dev/research/model-personality-corpus-v2/data/traces_freeflow/freeflow_sonnet-4-5-16k
sonnet-4-6,sonnet-4-6,sonnet-4-6-direct-16k,125,LONG:25;MID:25;OPEN:25;SHORT:25;VARY:25,5712.8,cell_prefix,claude-sonnet-4-6,/Users/danieltenner/dev/research/model-personality-corpus-v2/data/traces_freeflow/freeflow_sonnet-4-6-direct-16k
sonnet-4-6,sonnet-4-6,sonnet-4-6-or,25,LONG:5;MID:5;OPEN:5;SHORT:5;VARY:5,5579.5,cell_prefix,anthropic/claude-sonnet-4.6,/Users/danieltenner/dev/research/model-personality-corpus-v2/data/traces_freeflow/freeflow_sonnet-4-6-or
